Name,Mean,MeanLB,MeanUB,Stddev,StddevLB,StddevUB
"cases/sqlite3.c",0.2344500698886599,0.2335091152034487,0.23695891760213042,7.263646886643789e-3,3.4114752346088312e-3,1.521963764851148e-2
"cases/tpdb-test.xml",1.9421418752513615,1.934670721515247,1.9554390086971012,4.966642767827864e-2,3.365300371163618e-2,8.678983804471829e-2
