Name,Mean,MeanLB,MeanUB,Stddev,StddevLB,StddevUB
"cases/sqlite3.c",0.23773322229192068,0.23554739599034594,0.24332828883931448,1.6563024269896785e-2,6.5832755477647515e-3,3.227613462036716e-2
"cases/tpdb-test.xml",2.296886457250569,2.27831482057378,2.324413367555592,0.11476165604408502,8.360859655732852e-2,0.15260447234190558
